,company,role,location,link
0,Dutos learning private ltd,Python Developer,"Delhi, Delhi",https://in.indeed.com/rc/clk?jk=90c5f51693a98180&bb=1tgpWiGS13aUdR0UuZZqgHjJk2XgMvYvKfGdB2qtPriYc8hAVPI_2DurYBMjLj5gAwBbfnHgE8MIgTqguDKpuaMuQeYLTX_qIqrLLm6YCa6_7fDnNHuDOH14dtIQ7ocG&xkcb=SoAW67M370OcN1x2LJ0LbzkdCdPP&fccid=2c089ed552e3289b&cmp=Dutos-learning-private-ltd&ti=Python+Developer&vjs=3
1,Roadcast Tech. Solutions Pvt. Ltd.,Python Developer,"Delhi, Delhi",https://in.indeed.com/rc/clk?jk=9578e6d964ba35b3&bb=1tgpWiGS13aUdR0UuZZqgHjJk2XgMvYvUoXWSdyfIBqoLhD0wDLmuT4D0dguaAAXwm9UMkIboIpaY62Bv1BixIPSMz1Fvi3XgX34XhDfrbwWL4QJ-TGgiirvrXB-C24H&xkcb=SoCi67M370OcN1x2LJ0KbzkdCdPP&fccid=fb59ae4606590939&cmp=Roadcast-Tech.-Solutions-Pvt.-Ltd.&ti=Python+Developer&vjs=3
2,Nile Technologies,Python Developer,Delhi,https://in.indeed.com/rc/clk?jk=8b418c9236d35a1a&bb=1tgpWiGS13aUdR0UuZZqgOELj1i6owKzW65kFPSiDq-qSTtN8ER1-wlca-r6BTjJsO2CIL22inUpA9D2heKBaq7iLKVz75IT_GmycLJ2XMeNH8R0VUILeGo8bgKmb-zN&xkcb=SoBY67M370OcN1x2LJ0BbzkdCdPP&fccid=cbd2a95569359fc4&vjs=3
3,InSphere Solutions,Senior Python Developer,"Delhi, Delhi",https://in.indeed.com/rc/clk?jk=fd9f0cca0757b931&bb=hzoXaFENi3YuozWuoyEQipzlY9PUw5GSyKfeyUF6OeeWrCDtKpmc8bwwShAyLJbmyvll0wt5Z02mWHCTmsRBTLsAyodsAZz2wV49_Ylc7NL4kHQ2TKnQQmtqD9Rg-Cq5&xkcb=SoAW67M370OkSoTm850ObzkdCdPP&fccid=433a61541426974a&vjs=3
4,AKPS TECHNOLOGY PVT LTD,Backend Developer - Python (AI/ML & Database),"Delhi, Delhi",https://in.indeed.com/rc/clk?jk=5d874ce3f1bc5af5&bb=hzoXaFENi3YuozWuoyEQik6DU7edi1TfFJ8zWLhNX6N-FV5GY3sfFMAV-WR1qKf7R3P0QbMGYe_nFfdGRszUode7YbifvfmpZXpf0U6ro05uGBuD03tnj8Yf5NZbwfuJ&xkcb=SoCL67M370OkSoTm850NbzkdCdPP&fccid=0bcc371d6e2fc2cd&cmp=AKPS-TECHNOLOGY-PVT-LTD&ti=Back+End+Developer&vjs=3
5,JATO,Data Specialist,Delhi,https://in.indeed.com/rc/clk?jk=699a9c0e2db015a3&bb=hzoXaFENi3YuozWuoyEQit7slHLAa3Pa7Xbf2N1810CJC4QP7jgI4G5DSRG1QYhnh19rZ5771NshCbBN3orHD2nPcsfVCG9PjLJ2yLty4Pgw3legMiV5G4zWWM4nmj43&xkcb=SoA_67M370OkSoTm850MbzkdCdPP&fccid=1486a7e9fbc7c5ad&vjs=3
6,E2E Research Pvt. Ltd.,Python/Sr. Python Developer â€“ Gurugram (Hybrid),"Delhi, Delhi",https://in.indeed.com/rc/clk?jk=922c61b84e8fc70b&bb=hzoXaFENi3YuozWuoyEQis52QxjOLK3TWRNZAyKn7ZY4xW0scPF4ddcs10yBqiP3C9YVwPhXYYHprqresyUM5AYGAo5ScKNUDxrYeJ91tpJ7Zqhaz4wlx9D8sW6kPh7h&xkcb=SoDW67M370OkSoTm850DbzkdCdPP&fccid=1ada4352e9c183c4&vjs=3
7,Sujata Computers,Software Developer L1,"Delhi, Delhi",https://in.indeed.com/rc/clk?jk=88793126c6395985&bb=hzoXaFENi3YuozWuoyEQio5qt-zVkwGHR_A4t5BR1aaASjKo6EkEXtWsMKm3b5kFi7F1HkEee5erV77oKtdCn-VDQmSz8riAhkwhiEK0lcME8FWK_tq5WgomzmkK87gX&xkcb=SoBi67M370OkSoTm850CbzkdCdPP&fccid=018a2869561b31f0&vjs=3
8,NeGD,Consultant - Software Developer(Python Developer),"Delhi, Delhi",https://in.indeed.com/rc/clk?jk=addbdeb95c624bef&bb=hzoXaFENi3YuozWuoyEQivsXCjJuOn6vmCWWRk8w6svIalQjlh701gAvdj_8MU-Tssyaow1aRw3BODFxAQoyXgIIo4akd-qQcZJD_3n0C-3CrPAjKBul-lE3KAEInqiP&xkcb=SoD_67M370OkSoTm850BbzkdCdPP&fccid=e457831f0ffee7b2&vjs=3
9,AKPS TECHNOLOGY PVT LTD,Sr. Python Developer,"Delhi, Delhi",https://in.indeed.com/rc/clk?jk=ad6e7824100a0ef8&bb=hzoXaFENi3YuozWuoyEQigILWmfi6P0DQlwsEcEwCkX-u0gzrsUrVmWHwW9LirLL8XmeSROWbcBqkTZ-ZgkR3hn53edM6eHYD04GasBVGKfpJNzYypsGCUE0ChS2-Sy1&xkcb=SoBL67M370OkSoTm850AbzkdCdPP&fccid=0bcc371d6e2fc2cd&cmp=AKPS-TECHNOLOGY-PVT-LTD&ti=Python+Developer&vjs=3
10,desingdrop,Full Stack Developer,"Remote in Delhi, Delhi",https://in.indeed.com/rc/clk?jk=969559166a8e84b0&bb=hzoXaFENi3YuozWuoyEQiqlQ8uRYs7C_kE1BmZ4j7EbUKSGwaznA9jAm-KckRNJE76gphEkb6FZ9-2HCad2KtXNZuRj6_2hZkqqUo-RL1MTSufEOguzC_gD8gKEiV9Yf&xkcb=SoDF67M370OkSoTm850HbzkdCdPP&fccid=64c96110ad8e3314&cmp=desingdrop&ti=Full+Stack+Developer&vjs=3
11,Statcare Urgent &Walk-In,Data Reporting Specialist,Remote in Delhi,https://in.indeed.com/rc/clk?jk=d5d5e4e747f181b2&bb=hzoXaFENi3YuozWuoyEQisKbtIJFGesa2fVKeQorG6_qeFnLLYiWdK3blidMwJPRWeMs4UYBOXlGP0lMDIKirsYDWbxLYdVUmjyLTg5K7SH9DQClSWZYDhu1T7r8jyoH&xkcb=SoBx67M370OkSoTm850GbzkdCdPP&fccid=ad5647293967ce7f&vjs=3
12,Access Assist,Full Stack Developer,"Delhi, Delhi",https://in.indeed.com/rc/clk?jk=e1e2cbf0fa19f79c&bb=hzoXaFENi3YuozWuoyEQir52cB1PATxYLpOoVv9nxTaMN2Zyjr3h3aO510IHp7fFL9kWiddhdOP_qiYddXuNJk2LNAAj0abq6TPi22ZP39H_3MYeCaB-CM2a6ZnO1D47&xkcb=SoDs67M370OkSoTm850FbzkdCdPP&fccid=be52bfcba0c624db&cmp=Access-Assist&ti=Full+Stack+Developer&vjs=3
13,APT Research,Python Developer,"Delhi, Delhi",https://in.indeed.com/rc/clk?jk=a88ad27775df7604&bb=1tgpWiGS13aUdR0UuZZqgHrG6DCM4X6J-8GdhECuJEajSkws2hFdwRBfKmQ6EUrntY6rceWTAUDEuGJbkC2jMC4_l7aF5rpdhT2BDs_bJyFYudlOwfsuueEvWwacbKWN&xkcb=SoDs67M370OcN1x2LJ0AbzkdCdPP&fccid=2463be24de706355&vjs=3
14,Digivate Labs,Junior Golang Developer,"Remote in Delhi, Delhi",https://in.indeed.com/rc/clk?jk=eee39df750679021&bb=4Xvj895Yyk_f25k8XYu5RBMidNeCnqhSJIbyE7BVIBbXDzIh1q-Dy3iWDvy5Jv6BUDsIpqtez8aZyssPo6GPICwQIW4A3fjdL7Wi5inahRqcUQco7477UjgPBvWMtEHy&xkcb=SoCi67M370OjiETm850KbzkdCdPP&fccid=36dfc5e5d315326c&cmp=Digivate-Labs&ti=Junior+Developer&vjs=3
15,HJRealEstates,Full Stack Developer,"Delhi, Delhi",https://in.indeed.com/rc/clk?jk=abc859bd02e499b6&bb=4Xvj895Yyk_f25k8XYu5RIlwqOdtk5ih7V1r51DLVbPuh3gHBmCaH0jgohF_EE3dZJKp6JJTPdneA-Xo_ng_cqDqGl2ndQzVYD8eEuwXC33y6dW6m4r772VfL3Yw39YH&xkcb=SoA_67M370OjiETm850JbzkdCdPP&fccid=b7d037ae857ea32c&cmp=HJRealEstates&ti=Full+Stack+Developer&vjs=3
16,Neural Niti Private Limited,Software Engineer,"Delhi, Delhi",https://in.indeed.com/rc/clk?jk=36fb1d2ed25d7d06&bb=4Xvj895Yyk_f25k8XYu5REsUVxLSkpN-yXpBxiMr-pl5dHlZyfTOxM6P1vr5upod9HYlfZ6tsflD6vU-1GoaoggYKmha0fAyx6ia_ztJDy-GEq7UdDVYIJv6dGnHU-47&xkcb=SoCL67M370OjiETm850IbzkdCdPP&fccid=5193709f4072739b&cmp=Neural-Niti-Private-Limited&ti=Software+Engineer&vjs=3
17,Tradeboox,Python/Js Developer,"Delhi, Delhi",https://in.indeed.com/rc/clk?jk=d2dc51fbeef1c75b&bb=4Xvj895Yyk_f25k8XYu5RPCGCJAi4wlXt6Qq1EWPfd-PyztFoYEEMm6E56VkADwD_UA2AR-TFVXVnSO9hVG2I2ZcY3cPDsCM4QH85fCpvOpmoMsmd0h50gZhO9OwzH2J&xkcb=SoAF67M370OjiETm850PbzkdCdPP&fccid=5f2ae904bf2f80c2&vjs=3
18,RACHNA SAGAR PVT. LTD,Game Developer,"Delhi, Delhi",https://in.indeed.com/rc/clk?jk=cdd8f4bbae16b7a5&bb=4Xvj895Yyk_f25k8XYu5RE1BiaACDXemHMoWyBmVgG0NMbie1bJFA-ULVv18o_JcTRzUPLwVpAArCaA7EsHfu_qzx6sZBvBi75Iv3cXqCOJCGr8KNTwZ7FJPqofOOrla&xkcb=SoCx67M370OjiETm850ObzkdCdPP&fccid=332632fffed7ee9e&cmp=RACHNA-SAGAR-PVT.-LTD&ti=Developer&vjs=3
19,Mobile Programming India Private Limited,SQL Developer,"Delhi, Delhi",https://in.indeed.com/rc/clk?jk=a1c54f9dc3c72177&bb=4Xvj895Yyk_f25k8XYu5RCD1Lx75tlV7lLmtmanNzBpk7ZXgDfyDp5h6cYszoQVrUgO3pfj1J01T8dloO3XgG_L2y4RCxPM1dHNVn3DL57Y-EslfbCw24C7r08JvPBD0&xkcb=SoAs67M370OjiETm850NbzkdCdPP&fccid=92da476af4ea5a25&cmp=Mobile-Programming-India-Private-Limited&ti=SQL+Developer&vjs=3
20,Roadcast Tech. Solutions Pvt. Ltd.,Full Stack Developer,"Delhi, Delhi",https://in.indeed.com/rc/clk?jk=bfc08592d40f43d6&bb=4Xvj895Yyk_f25k8XYu5RIlJa8y-lzmMDRpy_eijIPmDyKZHl7L2v9pdl1dpTfG7DASHdydWIziWUQwp8M3Zoz_Wgold1-aDAC7DQMhx5iO_pr-MCPEjO31JthuEozI8&xkcb=SoCY67M370OjiETm850MbzkdCdPP&fccid=fb59ae4606590939&cmp=Roadcast-Tech.-Solutions-Pvt.-Ltd.&ti=Full+Stack+Developer&vjs=3
21,Innefu Labs Pvt. Ltd.,Python Developer,Delhi,https://in.indeed.com/rc/clk?jk=61d99138637f57e4&bb=4Xvj895Yyk_f25k8XYu5RLF7xHizg6sJCwr9CRzPxx9uIxS7WQWKdXX-nWDl_EbRBo6bVDOFge7LaQVQl1vSiJDKnNuyNvBli4LWZRO2uHQ_PEmSCvgG0yrYn47hl4Io&xkcb=SoBx67M370OjiETm850DbzkdCdPP&fccid=5c36da9694f987a9&vjs=3
22,VLtronics,Full Stack Developer,"Delhi, Delhi",https://in.indeed.com/rc/clk?jk=ede91ae40f794979&bb=4Xvj895Yyk_f25k8XYu5RKVAYlDXVdw2Bfs6pYiMdbM3RuInTQjWdOrG_3YBLfPqUgJMWv4mL2Cv73jotYxhaHte86GOsESrDZoclOO-Dku_9dlsf8i1OWx9evugicsu&xkcb=SoDF67M370OjiETm850CbzkdCdPP&fccid=8541aba14dd20eea&vjs=3
23,Kristal spirits india,Full Stack Developer,"Delhi, Delhi",https://in.indeed.com/rc/clk?jk=1a016ff530f09ae8&bb=4Xvj895Yyk_f25k8XYu5RMhEwuQfgbO8GJx140mh6iaaCMgMUWcy8EAXisR6Hmtk2STwuz3T5qn8vvJ01CNjlJ7mftRb4ElUU848kO6M1xG5G6hIWSSkeaX9CkJcONf2&xkcb=SoBY67M370OjiETm850BbzkdCdPP&fccid=2a652ad4fe4c90d7&cmp=Kristal-Spirits-India&ti=Full+Stack+Developer&vjs=3
24,Aynsoft,Python Developer,Delhi,https://in.indeed.com/rc/clk?jk=2925bcb0653659eb&bb=1tgpWiGS13aUdR0UuZZqgJ6_YIEkmYgyIzyR3MKRnSqEXOk52pV6rWolwyHhOBp5PEycdfhTbhgNflG4D9j3G6BjJjaZ6CXKxp23ffPfHtIlZmfqS2ghctPUWZQaQdqh&xkcb=SoBi67M370OcN1x2LJ0HbzkdCdPP&fccid=a35615df6ceb9aac&vjs=3
25,Peerless Immigration Services,Full Stack Developer,"Nehru Place, Delhi, Delhi",https://in.indeed.com/rc/clk?jk=6ea3d878f3f3e22c&bb=4Xvj895Yyk_f25k8XYu5RKK8FO0AwciBZ3DKdBi_YT8SPEf7b4LCSZtfIVfenhi3AsgonahVYVBoWZdUf3e2Yq938psYnGkBmKH6TwVX2fE2mSzDNlVsLCZ8y4FClJQH&xkcb=SoDs67M370OjiETm850AbzkdCdPP&fccid=af48d9f70d6cafa2&cmp=Peerless-Immigration-Services&ti=Full+Stack+Developer&vjs=3
26,SIKARIA TECH CONSULTANT,Full Stack Developer,"Laxmi Nagar, Delhi, Delhi",https://in.indeed.com/rc/clk?jk=dadda82bfcdc1798&bb=4Xvj895Yyk_f25k8XYu5RJqd1fK9fKHmydIittL9jebrJbRxxKeFXG36Aw2oPh3vJ3wXWnYJBpGThNqm0ab6owbpdcLHQZwTAONyqchuUYxHRm3lZIopfo8qa5_soR16&xkcb=SoBi67M370OjiETm850HbzkdCdPP&fccid=420ea45c4125694f&cmp=SIKARIA-TECH-CONSULTANT&ti=Full+Stack+Developer&vjs=3
27,Dynamisers Solutions,Full Stack Web Developer Intern,"Delhi, Delhi",https://in.indeed.com/rc/clk?jk=6e0491d0bdc92ba8&bb=4Xvj895Yyk_f25k8XYu5RAQ7GKBjmlwOF-D-BjE9sxpMZmszE-ikkoo7FcNKnEleIfJLR0upIyvfrXvkGBwK7M0QpkvqW3WhpS-lO9S8QtxEha2lBG1DeG9OxnISCmjx&xkcb=SoDW67M370OjiETm850GbzkdCdPP&fccid=4fbf5337fbbd4e13&cmp=Dynamisers-Solutions&ti=Full+Stack+Developer&vjs=3
28,Karma ayurveda,Web Developer,"Delhi, Delhi",https://in.indeed.com/rc/clk?jk=e3fe35021bb86741&bb=4Xvj895Yyk_f25k8XYu5RBOjWOvGCtdE2R3wQW71rC0Nmrhi9TALTpleYRdavJDoRUPpTttnSgAGEi4VIx-ImBrmNlyIe2nCNxmGjzkrJ1WTAXAcQF1eerNj_nxDVTZi&xkcb=SoBL67M370OjiETm850FbzkdCdPP&fccid=fb30ab5e3e7efe11&cmp=Karma-Ayurveda&ti=Web+Developer&vjs=3
29,DIRO,AI Developer,"Delhi, Delhi",https://in.indeed.com/rc/clk?jk=ac0d22cfb9c6305e&bb=4Xvj895Yyk_f25k8XYu5RMv_xe2z0Wu8bef2mdRbPn-S3hBxM7x0HZVKa_fY8RlbIRePmd7UCtcUM4YnzLihpCbqVK9wTDB1TZP-tQ3bCWWBLUkUXsSJwulZT8sr-d_a&xkcb=SoD_67M370OjiETm850EbzkdCdPP&fccid=9f2ca45f919a2762&cmp=Diro-Labs&ti=Developer&vjs=3
30,RoadCast,Python Developer,Delhi,https://in.indeed.com/rc/clk?jk=8347a1c7b0cc9d58&bb=1tgpWiGS13aUdR0UuZZqgOxlYDJHimEk6dQbACL-y1Wshvh2iGLeZ-N9kBhN67PghprJBuZwbsHdK7R5exhdOpL3J2ePREfY9G7OwQR9zbYdjLNaIWBPrDJ7TlEwKcZ7&xkcb=SoDW67M370OcN1x2LJ0GbzkdCdPP&fccid=bc6ef3bef2bf205d&vjs=3
31,SKILLSKONNECT,Python Full Stack Developer,"Delhi, Delhi",https://in.indeed.com/rc/clk?jk=cb93b633dd199daf&bb=1tgpWiGS13aUdR0UuZZqgK6OLdgii6P8M3EpiTI0gT5MzYnMk12XuzmP-ocKt-wYuEoKLjnH7wGNZBm7j4JS1KOp1ulkG7PsWc5sb1bvt9yLOGIZ9kJL2As74uNwKzZF&xkcb=SoBL67M370OcN1x2LJ0FbzkdCdPP&fccid=39dca192bf44c878&cmp=SKILLSKONNECT&ti=Full+Stack+Developer&vjs=3
32,Intellemind Technologies Pvt Ltd,Front End Developer,"Delhi, Delhi",https://in.indeed.com/rc/clk?jk=2b7eef4668a50563&bb=nu1UOK43eMt7r30rsBRQQ-TsUlxDISEjOmUZAmdOY0efcHH0hbMKo1erZb1Q9evOQUpL4l0vCqNQ6cr-HnStoOY9jUVEt7DKduuHyKMRRcM4OjxSERJwkP6rg9FYEnjf&xkcb=SoA067M370ObG5zmz50KbzkdCdPP&fccid=9569f9f59037441a&cmp=intellemind-technologies&ti=Front+End+Developer&vjs=3
33,Sensationz Media Arts and pvt ltd,Software Developer,"Delhi, Delhi",https://in.indeed.com/rc/clk?jk=153b8e51d7aaa129&bb=nu1UOK43eMt7r30rsBRQQ7YQRPYdmV8VZiUow1aLPDoN8Sc71z-k9MlGZi1kR8iTCIQmgtasZku7Clr-_1Nvx-12emCtpmQ4Lkx1CVHV2dAUaEY4HDfukXAcZf6ttJqw&xkcb=SoCp67M370ObG5zmz50JbzkdCdPP&fccid=239c2f03c9300c00&cmp=Sensationz-Media-Arts-and-pvt-ltd&ti=Software+Engineer&vjs=3
34,IT MONTEUR,Full Stack Developer,"Delhi, Delhi",https://in.indeed.com/rc/clk?jk=c67f920d3bab89aa&bb=nu1UOK43eMt7r30rsBRQQ4kp67Kc8HmmrSjhe_yUOFCHakBxxqcxyk_kWuGwC5nmFKwzUvTL5REZGK2sFiPN-kpH90haMLKe8aWSB0KtIXuzKufOr7NHMSc4OIQrZPa4&xkcb=SoAd67M370ObG5zmz50IbzkdCdPP&fccid=b8524f62ebaae38c&cmp=IT-Monteur&ti=Full+Stack+Developer&vjs=3
35,Parahit Technologies,Python Developer,"Delhi, Delhi",https://in.indeed.com/rc/clk?jk=54cc0b0855c81cfa&bb=nu1UOK43eMt7r30rsBRQQ_Md1WlFeu1Avas-_fR6qi3nCtRtalAfKEEf5iSdh4bVkY4aXsXN_PeogUV_8fbhmU7S2c9GxLylgYVjZR4DTMN8LDVsdvoIhGBZ2vCsNxqg&xkcb=SoCT67M370ObG5zmz50PbzkdCdPP&fccid=c45d3fb18b575bf4&vjs=3
36,AKPS TECHNOLOGY PVT LTD,Backend Developer - Python (AI/ML & Database),"Delhi, Delhi",https://in.indeed.com/rc/clk?jk=5d874ce3f1bc5af5&bb=nu1UOK43eMt7r30rsBRQQ1iL8bc7w5vmTpq7LFcSKVwqpdOO6Oj4pfu4RhVdaZhP1TprhYYHbhceYQBZZJbTNtIvLG4ERMp278O86nFz1mjpqiZTsX1UP1DY9l7ykOPS&xkcb=SoAn67M370ObG5zmz50ObzkdCdPP&fccid=0bcc371d6e2fc2cd&cmp=AKPS-TECHNOLOGY-PVT-LTD&ti=Back+End+Developer&vjs=3
37,AutoScale Ventures,Backend Developer,"Remote in Delhi, Delhi",https://in.indeed.com/rc/clk?jk=3fac0834c395a021&bb=1tgpWiGS13aUdR0UuZZqgLlcmvmuFDmn5sq5UDXoGrVWtDpNfVbPBiadkzlvSR5OBvrnYfSt5AlwxptP3pwnI9CNi1B3yGeeMzBxHWOBS5Bpbd3OpqlI7h1HJMnkS5i9&xkcb=SoA_67M370OcN1x2LJ0JbzkdCdPP&fccid=cf9db15eb089a015&vjs=3
38,InSphere Solutions,Senior Python Developer,"Delhi, Delhi",https://in.indeed.com/rc/clk?jk=fd9f0cca0757b931&bb=nu1UOK43eMt7r30rsBRQQ58NmYePOPvr8xTxwBc6z4k9lIqm3ZUzJ8UGsrGPbK-1W_qmhB-a8BwD282v5e5JQU8vvKuXAMOGa21Ou7kQXHnr75KyBw3ZqiCcXBHi8vm3&xkcb=SoC667M370ObG5zmz50NbzkdCdPP&fccid=433a61541426974a&vjs=3
39,Capital Placement Services,Python Developer For 5 Days Working IT Company In Gurgaon,Delhi,https://in.indeed.com/rc/clk?jk=e3d6097f82c6847e&bb=nu1UOK43eMt7r30rsBRQQ35j585ypw6advIYZVmfCegGxDfaWWUafBaDh74hFbLp1lAY1mohhTC86B6Fv7fUZkSUCGJGw-3CmvHKVOwJS-FeWTKAF2r88rp6fSa1Djsc&xkcb=SoAO67M370ObG5zmz50MbzkdCdPP&fccid=07e24663eee10e97&vjs=3
40,E2E Research Pvt. Ltd.,Python/Sr. Python Developer â€“ Gurugram (Hybrid),"Delhi, Delhi",https://in.indeed.com/rc/clk?jk=922c61b84e8fc70b&bb=nu1UOK43eMt7r30rsBRQQ3Pm8KLp3NXfs8GnkWy4dXOm9PHI20ngB3Ku0bKetwuQPEAAucie5hBkFw-l7gvgCOEdl8nHrnb4VxrhSZcqOauuLXwPjr1om689RW1VvP64&xkcb=SoDn67M370ObG5zmz50DbzkdCdPP&fccid=1ada4352e9c183c4&vjs=3
41,NeGD,Consultant - Software Developer(Python Developer),"Delhi, Delhi",https://in.indeed.com/rc/clk?jk=addbdeb95c624bef&bb=nu1UOK43eMt7r30rsBRQQ1YP6yusV88PjrQtXpoITctV0-unNutpANUrGdGhmcbt08bmHpq2aSF8mwLlRTl-7imbayxMKoOwpVkW30Q8b0YTSVyK_kqb93TvNKcLqSSO&xkcb=SoBT67M370ObG5zmz50CbzkdCdPP&fccid=e457831f0ffee7b2&vjs=3
42,Sujata Computers,Software Developer L1,"Delhi, Delhi",https://in.indeed.com/rc/clk?jk=88793126c6395985&bb=nu1UOK43eMt7r30rsBRQQ4wjZeWLVddONjRUP9dSzLKddlZaks_UI8gqb7c8nnw0H4Kvj-w5xh9sJuuIJP-W4isYDh9KNnkYmkBj2vhPKoOdFA3tLtZTWJr9BZKbjmc6&xkcb=SoDO67M370ObG5zmz50BbzkdCdPP&fccid=018a2869561b31f0&vjs=3
43,Access Assist,Full Stack Developer,"Delhi, Delhi",https://in.indeed.com/rc/clk?jk=e1e2cbf0fa19f79c&bb=nu1UOK43eMt7r30rsBRQQ7S6gG7y1Wa5rrWvB1f0Lle4TMksHfvQrI3Tk-BpwC6v8tyEtPaUblx8vvqbyuDp--QPwwRQYkVsloiYzgAZ-1A_X2-HWa8zfgqyxnY00tWQ&xkcb=SoB667M370ObG5zmz50AbzkdCdPP&fccid=be52bfcba0c624db&cmp=Access-Assist&ti=Full+Stack+Developer&vjs=3
44,Statcare Urgent &Walk-In,Data Reporting Specialist,Remote in Delhi,https://in.indeed.com/rc/clk?jk=d5d5e4e747f181b2&bb=nu1UOK43eMt7r30rsBRQQ0hyDkwx3kHQczS2Wzv4ZCW322ieJm7li1A6trDK5vdAXGZ72teEzDNB9BWYoelHKcPYh6WA5L6wP2zf-qE1ev9wU0GIe_8LJLbXrMB4ER0h&xkcb=SoD067M370ObG5zmz50HbzkdCdPP&fccid=ad5647293967ce7f&vjs=3
45,desingdrop,Full Stack Developer,"Remote in Delhi, Delhi",https://in.indeed.com/rc/clk?jk=969559166a8e84b0&bb=nu1UOK43eMt7r30rsBRQQ9j9DzhwP32LVFDyxOBKiBBnyqFw-4MIoIDnSufA3C_lc-KPPihLXTvC0N7lGSzz_MS-z-q8C8IoAay1ds_Mf28kp6j5535YlaOzyUeRuSMp&xkcb=SoBA67M370ObG5zmz50GbzkdCdPP&fccid=64c96110ad8e3314&cmp=desingdrop&ti=Full+Stack+Developer&vjs=3
46,HJRealEstates,Full Stack Developer,"Delhi, Delhi",https://in.indeed.com/rc/clk?jk=abc859bd02e499b6&bb=nu1UOK43eMt7r30rsBRQQ-I8iovaufWpcPlyGOQuynj6nw2Wni_qkwKGobkxCszim_vuxYazOw6Nc5OAy-zErZHFxiQKKVObvnJXPpQlA9R5QyodRtL965BpUgGrrVyI&xkcb=SoDd67M370ObG5zmz50FbzkdCdPP&fccid=b7d037ae857ea32c&cmp=HJRealEstates&ti=Full+Stack+Developer&vjs=3
47,AKPS TECHNOLOGY PVT LTD,Sr. Python Developer,"Delhi, Delhi",https://in.indeed.com/rc/clk?jk=ad6e7824100a0ef8&bb=nu1UOK43eMt7r30rsBRQQzLbiTZxx5n8kYD3fMY22B7cmi0EpWs7GhHEaz7qSPHgvnAYw0VyjA5GdptgR5SSDYpBktMNJolxsOolltA-rImZGRL2DFXlffUaVeg7KpcJ&xkcb=SoBp67M370ObG5zmz50EbzkdCdPP&fccid=0bcc371d6e2fc2cd&cmp=AKPS-TECHNOLOGY-PVT-LTD&ti=Python+Developer&vjs=3
48,Descrptive Solutions Pvt. Ltd.,Python Backend Developer,"Okhla, Delhi, Delhi",https://in.indeed.com/rc/clk?jk=721cca3855755dd2&bb=1tgpWiGS13aUdR0UuZZqgP1u2yAxS5e3tpCeb3Gq-wlGoIli4RUUp1F8Cr7698u_GzKj4ARAXULdDfDkLceDpfR9h2jWTkn4lHssn0CyjxcmHLJByPZRUNx2g-pAoZB5&xkcb=SoCL67M370OcN1x2LJ0IbzkdCdPP&fccid=9f39c644a063c558&cmp=Descrptive-Solutions-Pvt.-Ltd.&ti=Back+End+Developer&vjs=3
49,Digivate Labs,Junior Golang Developer,"Remote in Delhi, Delhi",https://in.indeed.com/rc/clk?jk=eee39df750679021&bb=qlFdj1zIRI1-TuAaGjVOGcnvmpSU40fUxJrHE5_7Otiv49L_5r6CdIcj0UULQzFLiwWjC8rrpqUY1ZWFwwjkpLO10gLeZghz3YHcFPGuXIdOibxU4Rt-B9LZmKNAZ2vH&xkcb=SoDy67M370Oap7Tmz50LbzkdCdPP&fccid=36dfc5e5d315326c&cmp=Digivate-Labs&ti=Junior+Developer&vjs=3
50,Neural Niti Private Limited,Software Engineer,"Delhi, Delhi",https://in.indeed.com/rc/clk?jk=36fb1d2ed25d7d06&bb=qlFdj1zIRI1-TuAaGjVOGRegSlMKaG7OD9DC0vGSbv1RdNqFKpZ6lR3but2Wn0_VXTyUJsus1kpq-L4_yLO2LRuQaMKpyL9CxG6KAynarw3HEQAAxoY9L_wdJZ2kzkN1&xkcb=SoBG67M370Oap7Tmz50KbzkdCdPP&fccid=5193709f4072739b&cmp=Neural-Niti-Private-Limited&ti=Software+Engineer&vjs=3
51,Dynamisers Solutions,Full Stack Web Developer Intern,"Delhi, Delhi",https://in.indeed.com/rc/clk?jk=6e0491d0bdc92ba8&bb=qlFdj1zIRI1-TuAaGjVOGTMqLZQ0iouvst-eOm7WAzC_hsIVNKbxr_4MQ1JpxvSsqdAk18r3ApaZH8iboS8Y1ncBb1E7MOUN1EAxsl9FYDNAgLEOGSp53Oc43BrWrcFg&xkcb=SoDb67M370Oap7Tmz50JbzkdCdPP&fccid=4fbf5337fbbd4e13&cmp=Dynamisers-Solutions&ti=Full+Stack+Developer&vjs=3
52,RACHNA SAGAR PVT. LTD,Game Developer,"Delhi, Delhi",https://in.indeed.com/rc/clk?jk=cdd8f4bbae16b7a5&bb=qlFdj1zIRI1-TuAaGjVOGeOtXR_9KTpUV9mvfZGJXm027d5HrfWLQdk7Eep29nFIRHXbDnSDB-E1GLbYSuoVoafIR1UCLJS8N-TxqcYwzzFtkKMS31314nISwZGX6bVZ&xkcb=SoBv67M370Oap7Tmz50IbzkdCdPP&fccid=332632fffed7ee9e&cmp=RACHNA-SAGAR-PVT.-LTD&ti=Developer&vjs=3
53,JATO,Data Specialist,Delhi,https://in.indeed.com/rc/clk?jk=699a9c0e2db015a3&bb=qlFdj1zIRI1-TuAaGjVOGTaefsXEnU38ZMY4v_R4y8JcByUajtnzD7pEXduZgr7ZqAFNWSTwjjq7bnJdIsbXx5ua35L-8XXFgTTGMCYEnSjZ9qbsWxpoAxq0_YO_CmN7&xkcb=SoDh67M370Oap7Tmz50PbzkdCdPP&fccid=1486a7e9fbc7c5ad&vjs=3
54,Tradeboox,Python/Js Developer,"Delhi, Delhi",https://in.indeed.com/rc/clk?jk=d2dc51fbeef1c75b&bb=qlFdj1zIRI1-TuAaGjVOGfQhLtIl74THRgjjhFnGiqNtrmTPTus1o0WMITmlgpp1VzbdxOi7505YdMsQDyL-LQpV0g2h9j12t3A0m9gmuKy-uj2qapsy-MTa0dgZuMmB&xkcb=SoBV67M370Oap7Tmz50ObzkdCdPP&fccid=5f2ae904bf2f80c2&vjs=3
55,Mobile Programming India Private Limited,SQL Developer,"Delhi, Delhi",https://in.indeed.com/rc/clk?jk=a1c54f9dc3c72177&bb=qlFdj1zIRI1-TuAaGjVOGevpWZiwZkgEBHUQ-NYdJ5cOyZ6NUJHPIFpSZzVlsL88HqdlJWrHCd59MZf0xPUkUD1l6JfrHw-5H0u5P4ItKq1MM7zQsrN0SvWAc8g_hGnh&xkcb=SoC367M370Oap7zmz50LbzkdCdPP&fccid=92da476af4ea5a25&cmp=Mobile-Programming-India-Private-Limited&ti=SQL+Developer&vjs=3
56,Roadcast Tech. Solutions Pvt. Ltd.,Full Stack Developer,"Delhi, Delhi",https://in.indeed.com/rc/clk?jk=bfc08592d40f43d6&bb=qlFdj1zIRI1-TuAaGjVOGUpT4ssmw2Xwad_iGOm-eq6LOepormdNdXdUHuAU1RtjDhYvgJb6JEwCSxpQG-z6jPq9-2u3DeBH0pcVxA8lzAUgOAQ_hrPR2r8MjeW8R_Uq&xkcb=SoAD67M370Oap7zmz50KbzkdCdPP&fccid=fb59ae4606590939&cmp=Roadcast-Tech.-Solutions-Pvt.-Ltd.&ti=Full+Stack+Developer&vjs=3
57,SIKARIA TECH CONSULTANT,Full Stack Developer,"Laxmi Nagar, Delhi, Delhi",https://in.indeed.com/rc/clk?jk=a6d5b0a72c2d65d4&bb=qlFdj1zIRI1-TuAaGjVOGfbeYkiV4Ioc8DDnhYgBpe4akPgNSYsoRN4tkSmUN43UlMT2gdHafRXPFLVZ8eNSMStjdT4RrUyfmOfQINdMRHd9REHwcOpu4bVG0gnGdx0E&xkcb=SoCe67M370Oap7zmz50JbzkdCdPP&fccid=420ea45c4125694f&cmp=SIKARIA-TECH-CONSULTANT&ti=Full+Stack+Developer&vjs=3
58,Innefu Labs Pvt. Ltd.,Python Developer,Delhi,https://in.indeed.com/rc/clk?jk=61d99138637f57e4&bb=qlFdj1zIRI1-TuAaGjVOGY5vWy1vvcsP-wkpODXdvnlzIiFNPNy5EuPkgy1NFYjmlgtMEZlzcCPDw4SoebtbuAteHaYJYYdkbuigBsZghwAOmKe2j28fC5Y3Xh1BZtar&xkcb=SoAq67M370Oap7zmz50IbzkdCdPP&fccid=5c36da9694f987a9&vjs=3
59,Innefu Labs Pvt. Ltd,Senior Python Developer,"Pitampura, Delhi, Delhi",https://in.indeed.com/rc/clk?jk=57b93b1f66865e7e&bb=1tgpWiGS13aUdR0UuZZqgB0Bln7mtxm0sXk5OYkg2myPSdabwHLfQPMaWyj00XqqBYPxEzhHO0VJsZ0rcS9gdgttN-igNakmr3ZmjIfjULyGDPC0aftbfUYDzlz1M7hd&xkcb=SoAF67M370OcN1x2LJ0PbzkdCdPP&fccid=3760505b0c8e097e&cmp=Innefu-Labs-Pvt.-Ltd&ti=Python+Developer&vjs=3
60,Kristal spirits india,Full Stack Developer,"Delhi, Delhi",https://in.indeed.com/rc/clk?jk=1a016ff530f09ae8&bb=qlFdj1zIRI1-TuAaGjVOGaqBlxRs4_7ydKm8VRNyb6Z1CLrYSv16LJuxmepWQrTya33NgD7I7jX2S_9sVOBpTKSy5TDNG1f1hlvWxrfaAWJT0bSO0jiD3uYDvg1mqWH4&xkcb=SoCk67M370Oap7zmz50PbzkdCdPP&fccid=2a652ad4fe4c90d7&cmp=Kristal-Spirits-India&ti=Full+Stack+Developer&vjs=3
61,VLtronics,Full Stack Developer,"Delhi, Delhi",https://in.indeed.com/rc/clk?jk=ede91ae40f794979&bb=qlFdj1zIRI1-TuAaGjVOGRzTy6d9jfwzSrR8q0BJJIjZDxkzxevRDiaWUPhXJRxdMLkocNLpFyewN4yKJT6zdiqfefgHEipv_m0P6U9sEUOJz9u0UcLXSJoI-WMflVQz&xkcb=SoAQ67M370Oap7zmz50ObzkdCdPP&fccid=8541aba14dd20eea&vjs=3
62,Karma ayurveda,Web Developer,"Delhi, Delhi",https://in.indeed.com/rc/clk?jk=e3fe35021bb86741&bb=qlFdj1zIRI1-TuAaGjVOGe5QIEVKQxL3jL7-ZbZFMeLRqbdtjP4Es8J-gakW4owydWvDQvVMFZeqfuJo3icZRp3R0GgdjMd9JlP278JcKKRnamk1kwJa8I89JFOTI4to&xkcb=SoCN67M370Oap7zmz50NbzkdCdPP&fccid=fb30ab5e3e7efe11&cmp=Karma-Ayurveda&ti=Web+Developer&vjs=3
63,Tripoto,Front End Developer,"Delhi, Delhi",https://in.indeed.com/rc/clk?jk=b6e1ce5eac3fb853&bb=qlFdj1zIRI1-TuAaGjVOGX0KlOyqQuQddzJ4pWjkZdbzALGz-MwidHeLfggO09oazEAQhSIGuKdTTavSyOCaiBESA6FILhqbZACPxvA_mf9Yi0WKGVQuK0ymob5hvyFW&xkcb=SoA567M370Oap7zmz50MbzkdCdPP&fccid=15cd3689e5b0a53c&vjs=3
64,Peerless Immigration Services,Full Stack Developer,"Nehru Place, Delhi, Delhi",https://in.indeed.com/rc/clk?jk=6ea3d878f3f3e22c&bb=qlFdj1zIRI1-TuAaGjVOGZhRKzsIiSJRqhxB87o78uPe2VWeYC0jsiWF7WJh2r-mLCZ9Tp4PAAIwE9VtDLcYpOSjq3TyV6L0kvGOLOL6z8G0zs2BXcmhPx04abG8PEo-&xkcb=SoDQ67M370Oap7zmz50DbzkdCdPP&fccid=af48d9f70d6cafa2&cmp=Peerless-Immigration-Services&ti=Full+Stack+Developer&vjs=3
65,StarClinch,Python/Django Developer,"Delhi, Delhi",https://in.indeed.com/rc/clk?jk=b958df0efbe9d361&bb=1tgpWiGS13aUdR0UuZZqgArtggFa3i5vkeTDxFP7EKFsvSKoITuFtzZyiMU6CtoXVGa9VypUcL9xOlBMXyl_dDCtWE3IkfQc20UXZR2b3Xi8UxgykTjXwwP2rlNncgg0&xkcb=SoCx67M370OcN1x2LJ0ObzkdCdPP&fccid=79b17dcef3639efe&vjs=3
66,LDS Engineers Pvt Ltd,Python Developer,"Delhi, Delhi",https://in.indeed.com/rc/clk?jk=9bfcbf55ef589e51&bb=1tgpWiGS13aUdR0UuZZqgHdMQCmax9shlToVOR_N4L1tp1v6Iuzy3WZNNo-GF_KZfOJnc6yUGoD_3oK3ZGAYNHAo1L7uP4wlmOD9iU7uRyFgC1LgjMlJDJLGxFshakNN&xkcb=SoAs67M370OcN1x2LJ0NbzkdCdPP&fccid=06a1884d90c3a8e2&cmp=LDS-Engineers-Pvt-Ltd&ti=Python+Developer&vjs=3
67,Derma Arts Clinic,CRM Developer,"Delhi, Delhi",https://in.indeed.com/rc/clk?jk=64d676802ab425d3&bb=1tgpWiGS13aUdR0UuZZqgBFZ7Bojh_gXr7Yy3CfNBgLEIa2QjvnP6pTDo4gOKds44lD9CSjTkjBxsBLJALWFYND_ZDDl7gtoqadE3GhGihbbl253upjYbb8B2D0Xx0Dk&xkcb=SoCY67M370OcN1x2LJ0MbzkdCdPP&fccid=61f0d334626b8e60&cmp=Derma-Arts-Clinic&ti=Developer&vjs=3
68,Descrptive Solutions Pvt. Ltd.,Full Stack Developer,"Badarpur, Delhi, Delhi",https://in.indeed.com/rc/clk?jk=44c23c7c17836010&bb=1tgpWiGS13aUdR0UuZZqgOYpUw5DTHJyK34IqOAo9eyvMpjbJb152hAJZbC9oTcqhcrmunYU3_PV5HsPOafFAFwe0CKv_in0ts3mgSq4lVlhnyw-Ot81BB6EgWyYsdjx&xkcb=SoBx67M370OcN1x2LJ0DbzkdCdPP&fccid=9f39c644a063c558&cmp=Descrptive-Solutions-Pvt.-Ltd.&ti=Full+Stack+Developer&vjs=3
69,Dutos learning private ltd,Python Developer,"Delhi, Delhi",https://in.indeed.com/rc/clk?jk=90c5f51693a98180&bb=yUSZyex8F4rMMm79qAA0w-RJwYW2QMcVVgsJlSNOgNGzER7DU7W1FOggZlRjbjzLLlbE4AO7NnjSiPSGsoz5M_KhZBBbBxEdyY5Uku-HrTXWWlFluwmE4TkFiaXfb0DG&xkcb=SoBu67M370Ol_iTmzR0PbzkdCdPP&fccid=2c089ed552e3289b&cmp=Dutos-learning-private-ltd&ti=Python+Developer&vjs=3
70,Roadcast Tech. Solutions Pvt. Ltd.,Python Developer,"Delhi, Delhi",https://in.indeed.com/rc/clk?jk=9578e6d964ba35b3&bb=yUSZyex8F4rMMm79qAA0w-RJwYW2QMcVI2TrQN78CfAB3XcWvMqcAIodvfw-aFgYBSk5IT-hpDhbxkWnA5G1mB03dwcSn1G7AEI4TLKCRQNs9chCEzVewPg2pp-lLQ-N&xkcb=SoDa67M370Ol_iTmzR0ObzkdCdPP&fccid=fb59ae4606590939&cmp=Roadcast-Tech.-Solutions-Pvt.-Ltd.&ti=Python+Developer&vjs=3
71,AutoScale Ventures,Backend Developer,"Remote in Delhi, Delhi",https://in.indeed.com/rc/clk?jk=3fac0834c395a021&bb=yUSZyex8F4rMMm79qAA0w-nLWkGDZTncEUPZURWkooFY_dVe2fBiyg3n6rB-2wGGdsdx2Ck23C3162FanXzJzvoA-2tI0mO-FJTg8TdOcba2PYrh8RHrNOEKCwACc_WX&xkcb=SoBH67M370Ol_iTmzR0NbzkdCdPP&fccid=cf9db15eb089a015&vjs=3
72,Descrptive Solutions Pvt. Ltd.,Python Backend Developer,"Okhla, Delhi, Delhi",https://in.indeed.com/rc/clk?jk=721cca3855755dd2&bb=yUSZyex8F4rMMm79qAA0w2gCchljFTIeGH4Yf10gwh-RV2SelhMsYtgeR317olHkQgWLz2wXonIYwi0FnwI4cl79ULGZHOsKgmECppAb67d8RUuXMWhHyhG1nUYO1wYd&xkcb=SoDz67M370Ol_iTmzR0MbzkdCdPP&fccid=9f39c644a063c558&cmp=Descrptive-Solutions-Pvt.-Ltd.&ti=Back+End+Developer&vjs=3
73,Innefu Labs Pvt. Ltd,Senior Python Developer,"Pitampura, Delhi, Delhi",https://in.indeed.com/rc/clk?jk=57b93b1f66865e7e&bb=yUSZyex8F4rMMm79qAA0w15KopVz3TrVEYl3-m8JeY4-8IsQECwcjye3-7fuBAhnFcHP1X9Uk5qPpsu-QJoRd636nn4Ow4rC8XRid9mUU-qvfqB-zYQn-_g4ZIEw7fFb&xkcb=SoAa67M370Ol_iTmzR0DbzkdCdPP&fccid=3760505b0c8e097e&cmp=Innefu-Labs-Pvt.-Ltd&ti=Python+Developer&vjs=3
74,StarClinch,Python/Django Developer,"Delhi, Delhi",https://in.indeed.com/rc/clk?jk=b958df0efbe9d361&bb=yUSZyex8F4rMMm79qAA0w2ZJ2jPj1SMXobp0RaKvjudQwNFa0quuGakIKL39j05zaA6QXAQ_tKF_kjsVvB2TpVzJrZnu_lL9eCQk1y2JU7bdxqBRSkwe39RY8K98J2mo&xkcb=SoCu67M370Ol_iTmzR0CbzkdCdPP&fccid=79b17dcef3639efe&vjs=3
75,LDS Engineers Pvt Ltd,Python Developer,"Delhi, Delhi",https://in.indeed.com/rc/clk?jk=9bfcbf55ef589e51&bb=yUSZyex8F4rMMm79qAA0w_dqkebhyQIO7NNO_KjMZGt7-d6hP3uyr3mPIL5LYXi4tGya34uWvB8ZMf2ktlHRlW0lpMeOF96yLsE1m7tFKRcIc6zpIQz_o6MGg6wCyKbx&xkcb=SoAz67M370Ol_iTmzR0BbzkdCdPP&fccid=06a1884d90c3a8e2&cmp=LDS-Engineers-Pvt-Ltd&ti=Python+Developer&vjs=3
76,Salom Corporate Pvt Ltd,MCA Fresher,"Delhi, Delhi",https://in.indeed.com/rc/clk?jk=38deb9b7d9419b5c&bb=yUSZyex8F4rMMm79qAA0w15KopVz3TrVkxznnasKWOf95E5SppyMvQn-VYhMJEUJTlBkC3nI06n0Hxp4x0ewFpykJrsOEBgR_MvwIdCduRIjOMLeHAg_IvPJGBaAWWKU&xkcb=SoCH67M370Ol_iTmzR0AbzkdCdPP&fccid=09d83a19eb829a6d&cmp=Salom-Corporate-Pvt-Ltd&ti=Mca+Fresher&vjs=3
77,Descrptive Solutions Pvt. Ltd.,Full Stack Developer,"Badarpur, Delhi, Delhi",https://in.indeed.com/rc/clk?jk=44c23c7c17836010&bb=yUSZyex8F4rMMm79qAA0w-bukZ4LvKlX8ni9p3_yLZdK7yJ4iTR5713DsyMgANsea6i_jZhHWOvRnDOpxQKgI0d76aY_JynF0Hhz0SqxThHdUSFdAXdgNqmSc1poh4Ng&xkcb=SoAJ67M370Ol_iTmzR0HbzkdCdPP&fccid=9f39c644a063c558&cmp=Descrptive-Solutions-Pvt.-Ltd.&ti=Full+Stack+Developer&vjs=3
78,Derma Arts Clinic,CRM Developer,"Delhi, Delhi",https://in.indeed.com/rc/clk?jk=64d676802ab425d3&bb=yUSZyex8F4rMMm79qAA0w8w7k3LAwBHF5NankCk9qopDPaVAmS8gXro0PSsmZoNR_TKsq40QhvYqPj_DNumq6LxTwtbyUpGq9csLJIB1PfFgPvxxGJDL8wJjJDdFQzt8&xkcb=SoC967M370Ol_iTmzR0GbzkdCdPP&fccid=61f0d334626b8e60&cmp=Derma-Arts-Clinic&ti=Developer&vjs=3
79,Salom Corporate Pvt Ltd,MCA Fresher,"Delhi, Delhi",https://in.indeed.com/rc/clk?jk=38deb9b7d9419b5c&bb=1tgpWiGS13aUdR0UuZZqgB0Bln7mtxm0_DxJUCbXunJ-bFfPMemjKP75b7sChrPRN0y-LuuA07dvZRUYzhm7V8KVMejoXVqWrS9pCWKGZHClWyNhrZ6Kg9urPpj1DO0W&xkcb=SoDF67M370OcN1x2LJ0CbzkdCdPP&fccid=09d83a19eb829a6d&cmp=Salom-Corporate-Pvt-Ltd&ti=Mca+Fresher&vjs=3
80,Nile Technologies,Python Developer,Delhi,https://in.indeed.com/rc/clk?jk=8b418c9236d35a1a&bb=yUSZyex8F4rMMm79qAA0w4OqsWDlk_AisNoYdOt3bJMP6Utkp1xmDJfuSScz2NF3HXfxQnKQ7BcouZFm4avV8woHSAOdEUParCAUnPww8tFzGfx2zjlgWLLNfLbaNYyD&xkcb=SoAg67M370Ol_iTmzR0FbzkdCdPP&fccid=cbd2a95569359fc4&vjs=3
81,IT MONTEUR,Full Stack Developer,"Delhi, Delhi",https://in.indeed.com/rc/clk?jk=c67f920d3bab89aa&bb=yUSZyex8F4rMMm79qAA0wx9_NNm2DgMHHDabGfKC4CoD79WwMEtzYez-2YbRtjhm9A2NhWGJJn5oK6nFJBErWfFEuN17hVVqRoO9fJhwn28UO6XN5879WOFRes9w2kBT&xkcb=SoCU67M370Ol_iTmzR0EbzkdCdPP&fccid=b8524f62ebaae38c&cmp=IT-Monteur&ti=Full+Stack+Developer&vjs=3
82,SKILLSKONNECT,Python Full Stack Developer,"Delhi, Delhi",https://in.indeed.com/rc/clk?jk=cb93b633dd199daf&bb=yUSZyex8F4rMMm79qAA0w0f4Yr9V41Peb8h-_MERWw5bZGrcxK7URXvte4jGWjTW_MHgR30_fV9KFpWX7yI3WXcKcYiMPXTcZT1GIAD_-ABts3YfXcTAOCWTUGuUqDBX&xkcb=SoCz67M370Ol_iTmzR0bbzkdCdPP&fccid=39dca192bf44c878&cmp=SKILLSKONNECT&ti=Full+Stack+Developer&vjs=3
83,RoadCast,Python Developer,Delhi,https://in.indeed.com/rc/clk?jk=8347a1c7b0cc9d58&bb=yUSZyex8F4rMMm79qAA0wzn2x4uaARGhesY3mTpAdz34tDj1vw6fuKLpfcxfY1vtannck_CVftWYbwyabsslmak4bu8jUUGpmKNdQ0aoVyOw8NdsJhrTbABJ4MDAiMhg&xkcb=SoAH67M370Ol_iTmzR0abzkdCdPP&fccid=bc6ef3bef2bf205d&vjs=3
84,APT Research,Python Developer,"Delhi, Delhi",https://in.indeed.com/rc/clk?jk=a88ad27775df7604&bb=yUSZyex8F4rMMm79qAA0wxyzpYc8hKSx-hJCfwl5XqWW_ZiyHfdPWn4MhfoaAcs9Edytw7xDJnPhBL0zpFV_y9T5ZdWTeoiWUAPAdNp9SIyERe7_6cBqz1BRQyn9eOCo&xkcb=SoCa67M370Ol_iTmzR0ZbzkdCdPP&fccid=2463be24de706355&vjs=3
85,Aynsoft,Python Developer,Delhi,https://in.indeed.com/rc/clk?jk=2925bcb0653659eb&bb=hzoXaFENi3YuozWuoyEQiiUG_DBhE3dGohksimvnFyhkzthUfbhorYwlhXCxOcINBEfPOkBjjfLpfuKp4eCINd_KiObr7W1a-svagl01TYRPCtSYAd1Csp7mD-oxqxPt&xkcb=SoCx67M370OkSoTm850LbzkdCdPP&fccid=a35615df6ceb9aac&vjs=3
86,Parahit Technologies,Python Developer,"Delhi, Delhi",https://in.indeed.com/rc/clk?jk=54cc0b0855c81cfa&bb=hzoXaFENi3YuozWuoyEQirYDOQoET2SrvAvMkdtYpUZ1_Mxo8X1d_BCGIb80eG94hhH0ZkRqq8SAncbJeO0KR6Nq4gBmZvQbrw2WEUwMUsKUTwAVNhve4E_-L_RUvZqh&xkcb=SoAF67M370OkSoTm850KbzkdCdPP&fccid=c45d3fb18b575bf4&vjs=3
87,Sensationz Media Arts and pvt ltd,Software Developer,"Delhi, Delhi",https://in.indeed.com/rc/clk?jk=153b8e51d7aaa129&bb=hzoXaFENi3YuozWuoyEQiiUG_DBhE3dGVKSTy_sadK0ATYFZOdUYbl1Gxo1aKikSolG9uYyBxCXQigelgQ1rKGDsh_Q4bknAdBCTg9I8cI3goOgAtU8M1Bgqn6XszDLW&xkcb=SoCY67M370OkSoTm850JbzkdCdPP&fccid=239c2f03c9300c00&cmp=Sensationz-Media-Arts-and-pvt-ltd&ti=Software+Engineer&vjs=3
88,Intellemind Technologies Pvt Ltd,Front End Developer,"Delhi, Delhi",https://in.indeed.com/rc/clk?jk=2b7eef4668a50563&bb=hzoXaFENi3YuozWuoyEQimsd-6sc7lT1Lu5DF8ylZdG6Pc2U_vp5sYqicbqulkPogTWYAZ_ywXrkckeVR0XSWGLVSH_sZtutvytkjklKuYDVbnXY9QjHYRBtdNCP_J-V&xkcb=SoAs67M370OkSoTm850IbzkdCdPP&fccid=9569f9f59037441a&cmp=intellemind-technologies&ti=Front+End+Developer&vjs=3
89,Capital Placement Services,Python Developer For 5 Days Working IT Company In Gurgaon,Delhi,https://in.indeed.com/rc/clk?jk=e3d6097f82c6847e&bb=hzoXaFENi3YuozWuoyEQikwnHT7nwDYbXDXWNl9toymAakopjmIYouM82Cyd5QIhgwGEeGpMfXdOs3HDTu5sqLkD0OzDHWaipEMWM-T8FVb9MS1tieGSpsJ4_vgc1Q5a&xkcb=SoCi67M370OkSoTm850PbzkdCdPP&fccid=07e24663eee10e97&vjs=3
90,Roadcast Tech. Solutions Pvt. Ltd.3.9,Python Developer,Delhi,"https://www.glassdoor.co.in/job-listing/python-developer-roadcast-tech-solutions-pvt-ltd-JV_KO0,16_KE17,48.htm?jl=1009461046586"
91,Dutos learning private ltd,Python Developer,Delhi,"https://www.glassdoor.co.in/job-listing/python-developer-dutos-learning-private-ltd-JV_KO0,16_KE17,43.htm?jl=1009333955002"
92,Roadcast Tech. Solutions Pvt. Ltd.3.9,Python Developer,Delhi,"https://www.glassdoor.co.in/job-listing/python-developer-roadcast-tech-solutions-pvt-ltd-JV_KO0,16_KE17,48.htm?jl=1009461046586"
93,Dutos learning private ltd,Python Developer,Delhi,"https://www.glassdoor.co.in/job-listing/python-developer-dutos-learning-private-ltd-JV_KO0,16_KE17,43.htm?jl=1009333955002"
